id,name,category,description
0,Weeds,Basic,"A bunch of obnoxious weeds."
2,Stone,Basic,"A useful material when broken with the Pickaxe."
4,Stone,Basic,"A useful material when chopped with the axe."
16,Wild Horseradish,Basic -81,"A spicy root found in the spring."
18,Daffodil,Basic -81,"A traditional spring flower that makes a nice gift."
20,Leek,Basic -81,"A tasty relative of the onion."
22,Dandelion,Basic -81,"Not the prettiest flower, but the leaves make a good salad."
24,Parsnip,Basic -75,"A spring tuber closely related to the carrot. It has an earthy taste and is full of nutrients."
30,Lumber,Basic,"A versatile resource used for building and fuel."
60,Emerald,Minerals -2,"A precious stone with a brilliant green color."
62,Aquamarine,Minerals -2,"A shimmery blue-green gem."
64,Ruby,Minerals -2,"A precious stone that is sought after for its rich color and beautiful luster."
66,Amethyst,Minerals -2,"A purple variant of quartz."
68,Topaz,Minerals -2,"Fairly common but still prized for its beauty."
70,Jade,Minerals -2,"A pale green ornamental stone."
71,Trimmed Lucky Purple Shorts,Quest,"Purple silk shorts trimmed in luxurious gold..."
72,Diamond,Minerals -2,"A rare and valuable gem."
74,Prismatic Shard,Minerals -2,"A very rare and powerful substance with unknown origins."
75,Stone,Basic,"..."
76,Stone,Basic,"..."
77,Stone,Basic,"..."
78,Cave Carrot,Basic -81,"A starchy snack found in caves. It helps miners work longer."
79,Secret Note,asdf,"It's old and crumpled, but if you look closely you can make out the details..."
80,Quartz,Minerals -2,"A clear crystal commonly found in caves and mines."
82,Fire Quartz,Minerals -2,"A glowing red crystal commonly found near hot lava."
84,Frozen Tear,Minerals -2,"A crystal fabled to be the frozen tears of a yeti."
86,Earth Crystal,Minerals -2,"A resinous substance found near the surface."
88,Coconut,Basic -79,"A seed of the coconut palm. It has many culinary uses."
90,Cactus Fruit,Basic -79,"The sweet fruit of the prickly pear cactus."
92,Sap,Basic -81,"A fluid obtained from trees."
93,Torch,Crafting,"Provides a modest amount of light."
94,Spirit Torch,Crafting,"It's unclear where the blue color comes from..."
95,Stone,Basic,"Contains radioactive ore"
96,Dwarf Scroll I,Arch,"A yellowed scroll of parchment filled with dwarven script. This one's tied with a red bow."
97,Dwarf Scroll II,Arch,"A yellowed scroll of parchment filled with dwarven script. This one's tied with a green ribbon."
98,Dwarf Scroll III,Arch,"A yellowed scroll of parchment filled with dwarven script. This one's tied with a blue rope."
99,Dwarf Scroll IV,Arch,"A yellowed scroll of parchment filled with dwarven script. This one's tied with a golden chain."
100,Chipped Amphora,Arch,"An ancient vessel made of ceramic material. Used to transport both dry and wet goods."
101,Arrowhead,Arch,"A crudely fashioned point used for hunting."
102,Lost Book,asdf,"Writings from a wide variety of time periods."
103,Ancient Doll,Arch,"An ancient doll covered in grime. This doll may have been used as a toy, a decoration, or a prop in some kind of ritual."
104,Elvish Jewelry,Arch,"Dirty but still beautiful. On the side is a flowing script thought by some to be the ancient language of the elves. No Elvish bones have ever been found."
105,Chewing Stick,Arch,"Ancient people chewed on these to keep their teeth clean."
106,Ornamental Fan,Arch,"This exquisute fan most likely belonged to a noblewoman. Historians believe that the valley was a popular sixth-era vacation spot for the wealthy."
107,Dinosaur Egg,Arch,"A giant dino egg... The entire shell is still intact!"
108,Rare Disc,Arch,"A heavy black disc studded with peculiar red stones. When you hold it, you're overwhelmed with a feeling of dread."
109,Ancient Sword,Arch,"It's the remains of an ancient sword. Most of the blade has turned to rust, but the hilt is very finely crafted."
110,Rusty Spoon,Arch,"A plain old spoon, probably ten years old. Not very interesting."
111,Rusty Spur,Arch,"An old spur that was once attached to a cowboy's boot. People must have been raising animals in this area for many generations."
112,Rusty Cog,Arch,"A well preserved cog that must have been part of some ancient machine. This could be dwarven technology."
113,Chicken Statue,Arch,"It's a statue of a chicken on a bronze base. The ancient people of this area must have been very fond of chickens."
114,Ancient Seed,Arch,"It's a dry old seed from some ancient plant. By all appearances it's long since dead..."
115,Prehistoric Tool,Arch,"Some kind of gnarly old digging tool."
116,Dried Starfish,Arch,"A starfish from the primordial ocean. It's an unusually pristine specimen!"
117,Anchor,Arch,"It may have belonged to ancient pirates."
118,Glass Shards,Arch,"A mixture of glass shards smoothed by centuries of ocean surf. These could have belonged to an ancient mosaic or necklace."
119,Bone Flute,Arch,"It's a prehistoric wind instrument carved from an animal's bone. It produces an eerie tone."
120,Prehistoric Handaxe,Arch,"One of the earliest tools employed by humans. This \"
121,Dwarvish Helm,Arch,"It's one of the helmets commonly worn by dwarves. The thick metal plating protects them from falling debris and stalactites."
122,Dwarf Gadget,Arch,"It's a piece of the advanced technology once known to the dwarves. It's still glowing and humming, but you're unable to understand how it works."
123,Ancient Drum,Arch,"It's a drum made from wood and animal skin. It has a low, reverberating tone."
124,Golden Mask,Arch,"A creepy golden mask probably used in an ancient magic ritual. A socket in the forehead contains a large purple gemstone."
125,Golden Relic,Arch,"It's a golden slab with heiroglyphs and pictures emblazoned onto the front."
126,Strange Doll,Arch,"???"
127,Strange Doll,Arch,"???"
128,Pufferfish,Fish -4,"Inflates when threatened."
129,Anchovy,Fish -4,"A small silver fish found in the ocean."
130,Tuna,Fish -4,"A large fish that lives in the ocean."
131,Sardine,Fish -4,"A common ocean fish."
132,Bream,Fish -4,"A fairly common river fish that becomes active at night."
136,Largemouth Bass,Fish -4,"A popular fish that lives in lakes."
137,Smallmouth Bass,Fish -4,"A freshwater fish that is very sensitive to pollution."
138,Rainbow Trout,Fish -4,"A freshwater trout with colorful markings."
139,Salmon,Fish -4,"Swims upstream to lay its eggs."
140,Walleye,Fish -4,"A freshwater fish caught at night."
141,Perch,Fish -4,"A freshwater fish of the winter."
142,Carp,Fish -4,"A common pond fish."
143,Catfish,Fish -4,"An uncommon fish found in streams."
144,Pike,Fish -4,"A freshwater fish that's difficult to catch."
145,Sunfish,Fish -4,"A common river fish."
146,Red Mullet,Fish -4,"Long ago these were kept as pets."
147,Herring,Fish -4,"A common ocean fish."
148,Eel,Fish -4,"A long, slippery little fish."
149,Octopus,Fish -4,"A mysterious and intelligent creature."
150,Red Snapper,Fish -4,"A popular fish with a nice red color."
151,Squid,Fish -4,"A deep sea creature that can grow to enormous size."
152,Seaweed,Fish,"It can be used in cooking."
153,Green Algae,Fish,"It's really slimy."
154,Sea Cucumber,Fish -4,"A slippery, slimy creature found on the ocean floor."
155,Super Cucumber,Fish -4,"A rare, purple variety of sea cucumber."
156,Ghostfish,Fish -4,"A pale, blind fish found in underground lakes."
157,White Algae,Fish,"It's super slimy."
158,Stonefish,Fish -4,"A bizarre fish that's shaped like a brick."
159,Crimsonfish,Fish -4,"Lives deep in the ocean but likes to lay its eggs in the warm summer water."
160,Angler,Fish -4,"Uses a bioluminescent dangler to attract prey."
161,Ice Pip,Fish -4,"A rare fish that thrives in extremely cold conditions."
162,Lava Eel,Fish -4,"It can somehow survive in pools of red-hot lava."
163,Legend,Fish -4,"The king of all fish! They said he'd never be caught."
164,Sandfish,Fish -4,"It tries to hide using camouflage."
165,Scorpion Carp,Fish -4,"It's like a regular carp but with a sharp stinger."
166,Treasure Chest,Basic,"Wow, it's loaded with treasure! This is sure to fetch a good price."
167,Joja Cola,Fish -20,"The flagship product of Joja corporation."
168,Trash,Fish -20,"It's junk."
169,Driftwood,Fish -20,"A piece of wood from the sea."
170,Broken Glasses,Fish -20,"It looks like someone lost their glasses. They're busted."
171,Broken CD,Fish -20,"It's a JojaNet 2.0 trial CD. They must've made a billion of these things."
172,Soggy Newspaper,Fish -20,"This is trash."
176,Egg,Basic -5,"A regular white chicken egg."
174,Large Egg,Basic -5,"It's an uncommonly large white egg!"
178,Hay,Basic,"Dried grass used as animal food."
180,Egg,Basic -5,"A regular brown chicken egg."
182,Large Egg,Basic -5,"It's an uncommonly large brown egg!"
184,Milk,Basic -6,"A jug of cow's milk."
186,Large Milk,Basic -6,"A large jug of cow's milk."
188,Green Bean,Basic -75,"A juicy little bean with a cool, crisp snap."
190,Cauliflower,Basic -75,"Valuable, but slow-growing. Despite its pale color, the florets are packed with nutrients."
191,Ornate Necklace,Quest,"A fancy necklace found in the water outside of the bath house. It's still wet..."
192,Potato,Basic -75,"A widely cultivated tuber."
194,Fried Egg,Cooking -7,"Sunny-side up."
195,Omelet,Cooking -7,"It's super fluffy."
196,Salad,Cooking -7,"A healthy garden salad."
197,Cheese Cauliflower,Cooking -7,"It smells great!"
198,Baked Fish,Cooking -7,"Baked fish on a bed of herbs."
199,Parsnip Soup,Cooking -7,"It's fresh and hearty."
200,Vegetable Medley,Cooking -7,"This is very nutritious."
201,Complete Breakfast,Cooking -7,"You'll feel ready to take on the world!"
202,Fried Calamari,Cooking -7,"It's so chewy."
203,Strange Bun,Cooking -7,"What's inside?"
204,Lucky Lunch,Cooking -7,"A special little meal."
205,Fried Mushroom,Cooking -7,"Earthy and aromatic."
206,Pizza,Cooking -7,"It's popular for all the right reasons."
207,Bean Hotpot,Cooking -7,"It sure is healthy."
208,Glazed Yams,Cooking -7,"Sweet and satisfying... The sugar gives it a hint of caramel."
209,Carp Surprise,Cooking -7,"It's bland and oily."
210,Hashbrowns,Cooking -7,"Crispy and golden-brown!"
211,Pancakes,Cooking -7,"A double stack of fluffy, soft pancakes."
212,Salmon Dinner,Cooking -7,"The lemon spritz makes it special."
213,Fish Taco,Cooking -7,"It smells delicious."
214,Crispy Bass,Cooking -7,"Wow, the breading is perfect."
215,Pepper Poppers,Cooking -7,"Spicy breaded peppers filled with cheese."
216,Bread,Cooking -7,"A crusty baguette."
218,Tom Kha Soup,Cooking -7,"These flavors are incredible!"
219,Trout Soup,Cooking -7,"Pretty salty."
220,Chocolate Cake,Cooking -7,"Rich and moist with a thick fudge icing."
221,Pink Cake,Cooking -7,"There's little heart candies on top."
222,Rhubarb Pie,Cooking -7,"Mmm, tangy and sweet!"
223,Cookie,Cooking -7,"Very chewy."
224,Spaghetti,Cooking -7,"An old favorite."
225,Fried Eel,Cooking -7,"Greasy but flavorful."
226,Spicy Eel,Cooking -7,"It's really spicy! Be careful."
227,Sashimi,Cooking -7,"Raw fish sliced into thin pieces."
228,Maki Roll,Cooking -7,"Fish and rice wrapped in seaweed."
229,Tortilla,Cooking -7,"Can be used as a vessel for food or eaten by itself."
230,Red Plate,Cooking -7,"Full of antioxidants."
231,Eggplant Parmesan,Cooking -7,"Tangy, cheesy, and wonderful."
232,Rice Pudding,Cooking -7,"It's creamy, sweet, and fun to eat."
233,Ice Cream,Cooking -7,"It's hard to find someone who doesn't like this."
234,Blueberry Tart,Cooking -7,"It's subtle and refreshing."
235,Autumn's Bounty,Cooking -7,"A taste of the season."
236,Pumpkin Soup,Cooking -7,"A seasonal favorite."
237,Super Meal,Cooking -7,"It's a really energizing meal."
238,Cranberry Sauce,Cooking -7,"A festive treat."
239,Stuffing,Cooking -7,"Ahh... the smell of warm bread and sage."
240,Farmer's Lunch,Cooking -7,"This'll keep you going."
241,Survival Burger,Cooking -7,"A convenient snack for the explorer."
242,Dish O' The Sea,Cooking -7,"This'll keep you warm in the cold sea air."
243,Miner's Treat,Cooking -7,"This should keep your energy up."
244,Roots Platter,Cooking -7,"This'll get you digging for more."
245,Sugar,Basic,"Adds sweetness to pastries and candies. Too much can be unhealthy."
246,Wheat Flour,Basic,"A common cooking ingredient made from crushed wheat seeds."
247,Oil,Basic,"All purpose cooking oil."
248,Garlic,Basic -75,"Adds a wonderful zestiness to dishes. High quality garlic can be pretty spicy."
250,Kale,Basic -75,"The waxy leaves are great in soups and stir frys."
251,Tea Sapling,Basic -74,"Takes 20 days to mature. Produces tea leaves during the final week of each season, except winter. No watering necessary!"
252,Rhubarb,Basic -79,"The stalks are extremely tart, but make a great dessert when sweetened."
253,Triple Shot Espresso,Cooking -7,"It's more potent than regular coffee!"
254,Melon,Basic -79,"A cool, sweet summer treat."
256,Tomato,Basic -75,"Rich and slightly tangy, the Tomato has a wide variety of culinary uses."
257,Morel,Basic -81,"Sought after for its unique nutty flavor."
258,Blueberry,Basic -79,"A popular berry reported to have many health benefits. The blue skin has the highest nutrient concentration."
259,Fiddlehead Fern,Basic -75,"The young shoots are an edible specialty."
260,Hot Pepper,Basic -79,"Fiery hot with a hint of sweetness."
261,Warp Totem: Desert,Crafting,"Warp directly to Calico Desert. Consumed on use."
262,Wheat,Basic -75,"One of the most widely cultivated grains. Makes a great flour for breads and cakes."
264,Radish,Basic -75,"A crisp and refreshing root vegetable with hints of pepper when eaten raw."
266,Red Cabbage,Basic -75,"Often used in salads and coleslaws. The color can range from purple to blue to green-yellow depending on soil conditions."
268,Starfruit,Basic -79,"An extremely juicy fruit that grows in hot, humid weather. Slightly sweet with a sour undertone."
270,Corn,Basic -75,"One of the most popular grains. The sweet, fresh cobs are a summer favorite."
271,Unmilled Rice,Basic -75,"Rice in its rawest form. Run this through a mill to increase the value."
272,Eggplant,Basic -75,"A rich and wholesome relative of the tomato. Delicious fried or stewed."
273,Rice Shoot,Seeds -74,"Plant these in the spring. Takes 8 days to mature. Grows faster if planted near a body of water. Harvest with the scythe."
274,Artichoke,Basic -75,"The bud of a thistle plant. The spiny outer leaves conceal a fleshy, filling interior."
275,Artifact Trove,Basic,"A blacksmith can open this for you. These troves often contain ancient relics and curiosities."
276,Pumpkin,Basic -75,"A fall favorite, grown for its crunchy seeds and delicately flavored flesh. As a bonus, the hollow shell can be carved into a festive decoration."
277,Wilted Bouquet,Basic,"A gift that shows you want to stop dating someone."
278,Bok Choy,Basic -75,"The leafy greens and fibrous stalks are healthy and delicious."
279,Magic Rock Candy,Cooking -7,"A rare and powerful candy infused with the essence of the prismatic shard."
280,Yam,Basic -75,"A starchy tuber with a lot of culinary versatility."
281,Chanterelle,Basic -81,"A tasty mushroom with a fruity smell and slightly peppery flavor."
282,Cranberries,Basic -79,"These tart red berries are a traditional winter food."
283,Holly,Basic -81,"The leaves and bright red berries make a popular winter decoration."
284,Beet,Basic -75,"A sweet and earthy root vegatable. As a bonus, the leaves make a great salad."
286,Cherry Bomb,Crafting -8,"Generates a small explosion. Stand back!"
287,Bomb,Crafting -8,"Generates an explosion. Watch out!"
288,Mega Bomb,Crafting -8,"Generates a powerful explosion. Use with extreme caution."
290,Stone,Basic,"..."
293,Brick Floor,Crafting -24,"Place on the ground to create paths or to decorate your floors."
294,Twig,Crafting,"..."
295,Twig,Crafting,"..."
296,Salmonberry,Basic -79,"A spring-time berry with the flavor of the forest."
297,Grass Starter,Crafting,"Place this on your farm to start a new patch of grass."
298,Hardwood Fence,Crafting -8,"The most durable type of fence."
299,Amaranth Seeds,Seeds -74,"Plant these in the fall. Takes 7 days to grow. Harvest with the scythe."
300,Amaranth,Basic -75,"A purple grain cultivated by an ancient civilization."
301,Grape Starter,Seeds -74,"Plant these in the fall. Takes 10 days to grow, but keeps producing after that. Grows on a trellis."
302,Hops Starter,Seeds -74,"Plant these in the summer. Takes 11 days to grow, but keeps producing after that. Grows on a trellis."
303,Pale Ale,Basic -26,"Drink in moderation."
304,Hops,Basic -75,"A bitter, tangy flower used to flavor beer."
305,Void Egg,Basic -5,"A jet-black egg with red flecks. It's warm to the touch."
306,Mayonnaise,Basic -26,"It looks spreadable."
307,Duck Mayonnaise,Basic -26,"It's a rich, yellow mayonnaise."
308,Void Mayonnaise,Basic -26,"A thick, black paste that smells like burnt hair."
309,Acorn,Crafting -74,"This can be planted to grow an oak tree."
310,Maple Seed,Crafting -74,"This can be planted to grow a maple tree."
311,Pine Cone,Crafting -74,"This can be planted to grow a pine tree."
313,Weeds,Crafting,"..."
314,Weeds,Crafting,"..."
315,Weeds,Crafting,"..."
316,Weeds,Crafting,"..."
317,Weeds,Crafting,"..."
318,Weeds,Crafting,"..."
319,Weeds,Crafting,"..."
320,Weeds,Crafting,"..."
321,Weeds,Crafting,"..."
322,Wood Fence,Crafting -8,"Keeps grass and animals contained!"
323,Stone Fence,Crafting -8,"Lasts longer than a wood fence."
324,Iron Fence,Crafting -8,"Lasts longer than a stone fence."
325,Gate,Crafting -8,"Allows you to pass through a fence."
326,Dwarvish Translation Guide,Crafting -8,"Teaches you dwarvish."
328,Wood Floor,Crafting -24,"Place on the ground to create paths or to decorate your floors."
329,Stone Floor,Crafting -24,"Place on the ground to create paths or to spruce up your floors."
330,Clay,Basic -16,"Used in crafting and construction."
331,Weathered Floor,Crafting -24,"Place on the ground to create paths or to spruce up your floors."
333,Crystal Floor,Crafting -24,"Place on the ground to create paths or to spruce up your floors."
334,Copper Bar,Basic -15,"A bar of pure copper."
335,Iron Bar,Basic -15,"A bar of pure iron."
336,Gold Bar,Basic -15,"A bar of pure gold."
337,Iridium Bar,Basic -15,"A bar of pure iridium."
338,Refined Quartz,Basic -15,"A more pure form of quartz."
340,Honey,Basic -26,"It's a sweet syrup produced by bees."
341,Tea Set,Basic -24,"Fine porcelain."
342,Pickles,Basic -26,"A jar of your home-made pickles."
343,Stone,Basic,"Stone."
344,Jelly,Basic -26,"Gooey."
346,Beer,Basic -26,"Drink in moderation."
347,Rare Seed,Seeds -74,"Sow in fall. Takes all season to grow."
348,Wine,Basic -26,"Drink in moderation."
349,Energy Tonic,Crafting,"Restores a lot of energy."
350,Juice,Basic -26,"A sweet, nutritious beverage."
351,Muscle Remedy,Crafting,"When you've pushed your body too hard, drink this to remove 'Exhaustion'."
368,Basic Fertilizer,Basic -19,"Improves soil quality a little, increasing your chance to grow quality crops. Mix into tilled soil."
369,Quality Fertilizer,Basic -19,"Improves soil quality, increasing your chance to grow quality crops. Mix into tilled soil."
370,Basic Retaining Soil,Basic -19,"This soil has a chance of staying watered overnight. Mix into tilled soil."
371,Quality Retaining Soil,Basic -19,"This soil has a good chance of staying watered overnight. Mix into tilled soil."
372,Clam,Basic -23,"Someone lived here once."
373,Golden Pumpkin,Basic,"It's valuable but has no other purpose."
378,Copper Ore,Basic -15,"A common ore that can be smelted into bars."
380,Iron Ore,Basic -15,"A fairly common ore that can be smelted into bars."
382,Coal,Basic -15,"A combustible rock that is useful for crafting and smelting."
384,Gold Ore,Basic -15,"A precious ore that can be smelted into bars."
386,Iridium Ore,Basic -15,"An exotic ore with many curious properties. Can be smelted into bars."
388,Wood,Basic -16,"A sturdy, yet flexible plant material with a wide variety of uses."
390,Stone,Basic -16,"A common material with many uses in crafting and building."
392,Nautilus Shell,Basic -23,"An ancient shell."
393,Coral,Basic -23,"A colony of tiny creatures that clump together to form beautiful structures."
394,Rainbow Shell,Basic -23,"It's a very beautiful shell."
395,Coffee,Crafting,"It smells delicious. This is sure to give you a boost."
396,Spice Berry,Basic -79,"It fills the air with a pungent aroma."
397,Sea Urchin,Basic -23,"A slow-moving, spiny creature that some consider a delicacy."
398,Grape,Basic -79,"A sweet cluster of fruit."
399,Spring Onion,Basic -81,"These grow wild during the spring."
400,Strawberry,Basic -79,"A sweet, juicy favorite with an appealing red color."
401,Straw Floor,Crafting -24,"Place on the ground to create paths or to spruce up your floors."
402,Sweet Pea,Basic -80,"A fragrant summer flower."
403,Field Snack,Crafting,"A quick snack to fuel the hungry forager."
404,Common Mushroom,Basic -81,"Slightly nutty, with good texture."
405,Wood Path,Crafting -24,"Place on the ground to create paths or to spruce up your floors."
406,Wild Plum,Basic -79,"Tart and juicy with a pungent aroma."
407,Gravel Path,Crafting -24,"Place on the ground to create paths or to spruce up your floors."
408,Hazelnut,Basic -81,"That's one big hazelnut!"
409,Crystal Path,Crafting -24,"Place on the ground to create paths or to spruce up your floors."
410,Blackberry,Basic -79,"An early-fall treat."
411,Cobblestone Path,Crafting -24,"Place on the ground to create paths or to spruce up your floors."
412,Winter Root,Basic -81,"A starchy tuber."
413,Blue Slime Egg,Basic,"Can be hatched in a slime incubator."
414,Crystal Fruit,Basic -79,"A delicate fruit that pops up from the snow."
415,Stepping Stone Path,Crafting -24,"Place on the ground to create paths or to spruce up your floors."
416,Snow Yam,Basic -81,"This little yam was hiding beneath the snow."
417,Sweet Gem Berry,Basic -17,"It's by far the sweetest thing you've ever smelled."
418,Crocus,Basic -80,"A flower that can bloom in the winter."
419,Vinegar,Basic,"An aged fermented liquid used in many cooking recipes."
420,Red Mushroom,Basic -81,"A spotted mushroom sometimes found in caves."
421,Sunflower,Basic -80,"A common misconception is that the flower turns so it's always facing the sun."
422,Purple Mushroom,Basic -81,"A rare mushroom found deep in caves."
423,Rice,Basic,"A basic grain often served under vegetables."
424,Cheese,Basic -26,"It's your basic cheese."
426,Goat Cheese,Basic -26,"Soft cheese made from goat's milk."
428,Cloth,Basic -26,"A bolt of fine wool cloth."
430,Truffle,Basic -17,"A gourmet type of mushroom with a unique taste."
432,Truffle Oil,Basic -26,"A gourmet cooking ingredient."
433,Coffee Bean,Seeds -74,"Plant in spring or summer to grow a coffee plant. Place five beans in a keg to make coffee."
434,Stardrop,Crafting,"A mysterious fruit that empowers those who eat it. The flavor is like a dream... a powerful personal experience, yet difficult to describe to others."
436,Goat Milk,Basic -6,"The milk of a goat."
437,Red Slime Egg,Basic,"Can be hatched in a slime incubator."
438,L. Goat Milk,Basic -6,"A gallon of creamy goat's milk."
439,Purple Slime Egg,Basic,"Can be hatched in a slime incubator."
440,Wool,Basic -18,"Soft, fluffy wool."
441,Explosive Ammo,Basic,"Fire this with the slingshot."
442,Duck Egg,Basic -5,"It's still warm."
444,Duck Feather,Basic -18,"It's so colorful."
446,Rabbit's Foot,Basic -18,"Some say it's lucky."
447,Aged Roe,Basic -26,"Fish eggs aged in salt to bring out the flavor."
449,Stone Base,asdf,"A simple block of stone."
450,Stone,asdf,"Stone."
452,Weeds,asdf,"A cluster of dry old bushes."
454,Ancient Fruit,Basic -79,"It's been dormant for eons."
456,Algae Soup,Cooking -7,"It's a little slimy."
457,Pale Broth,Cooking -7,"A delicate broth with a hint of sulfur."
458,Bouquet,Basic,"A gift that shows your romantic interest."
459,Mead,Basic -26,"A fermented beverage made from honey. Drink in moderation."
460,Mermaid's Pendant,Basic,"Give this to the person you want to marry."
461,Decorative Pot,Crafting,"A replica of an ancient pot."
463,Drum Block,Crafting,"Plays a drum sound when you walk past."
464,Flute Block,Crafting,"Plays a flute sound when you walk past."
465,Speed-Gro,Basic -19,"Stimulates leaf production. Guaranteed to increase growth rate by at least 10%. Mix into tilled soil."
466,Deluxe Speed-Gro,Basic -19,"Stimulates leaf production. Guaranteed to increase growth rate by at least 25%. Mix into tilled soil."
472,Parsnip Seeds,Seeds -74,"Plant these in the spring. Takes 4 days to mature."
473,Bean Starter,Seeds -74,"Plant these in the spring. Takes 10 days to mature, but keeps producing after that. Grows on a trellis."
474,Cauliflower Seeds,Seeds -74,"Plant these in the spring. Takes 12 days to produce a large cauliflower."
475,Potato Seeds,Seeds -74,"Plant these in the spring. Takes 6 days to mature, and has a chance of yielding multiple potatoes at harvest."
476,Garlic Seeds,Seeds -74,"Plant these in the spring. Takes 4 days to mature."
477,Kale Seeds,Seeds -74,"Plant these in the spring. Takes 6 days to mature. Harvest with the scythe."
478,Rhubarb Seeds,Seeds -74,"Plant these in the spring. Takes 13 days to mature."
479,Melon Seeds,Seeds -74,"Plant these in the summer. Takes 12 days to mature."
480,Tomato Seeds,Seeds -74,"Plant these in the summer. Takes 11 days to mature, and continues to produce after first harvest."
481,Blueberry Seeds,Seeds -74,"Plant these in the summer. Takes 13 days to mature, and continues to produce after first harvest."
482,Pepper Seeds,Seeds -74,"Plant these in the summer. Takes 5 days to mature, and continues to produce after first harvest."
483,Wheat Seeds,Seeds -74,"Plant these in the summer or fall. Takes 4 days to mature. Harvest with the scythe."
484,Radish Seeds,Seeds -74,"Plant these in the summer. Takes 6 days to mature."
485,Red Cabbage Seeds,Seeds -74,"Plant these in the summer. Takes 9 days to mature."
486,Starfruit Seeds,Seeds -74,"Plant these in the summer. Takes 13 days to mature."
487,Corn Seeds,Seeds -74,"Plant these in the summer or fall. Takes 14 days to mature, and continues to produce after first harvest."
488,Eggplant Seeds,Seeds -74,"Plant these in the fall. Takes 5 days to mature, and continues to produce after first harvest."
489,Artichoke Seeds,Seeds -74,"Plant these in the fall. Takes 8 days to mature."
490,Pumpkin Seeds,Seeds -74,"Plant these in the fall. Takes 13 days to mature."
491,Bok Choy Seeds,Seeds -74,"Plant these in the fall. Takes 4 days to mature."
492,Yam Seeds,Seeds -74,"Plant these in the fall. Takes 10 days to mature."
493,Cranberry Seeds,Seeds -74,"Plant these in the fall. Takes 7 days to mature, and continues to produce after first harvest."
494,Beet Seeds,Seeds -74,"Plant these in the fall. Takes 6 days to mature."
495,Spring Seeds,Seeds -74,"An assortment of wild spring seeds."
496,Summer Seeds,Seeds -74,"An assortment of wild summer seeds."
497,Fall Seeds,Seeds -74,"An assortment of wild fall seeds."
498,Winter Seeds,Seeds -74,"An assortment of wild winter seeds."
499,Ancient Seeds,Seeds -74,"Could these still grow?"
427,Tulip Bulb,Seeds -74,"Plant in spring. Takes 6 days to produce a colorful flower. Assorted colors."
429,Jazz Seeds,Seeds -74,"Plant in spring. Takes 7 days to produce a blue puffball flower."
453,Poppy Seeds,Seeds -74,"Plant in summer. Produces a bright red flower in 7 days."
455,Spangle Seeds,Seeds -74,"Plant in summer. Takes 8 days to produce a vibrant tropical flower. Assorted colors."
431,Sunflower Seeds,Seeds -74,"Plant in summer or fall. Takes 8 days to produce a large sunflower. Yields more seeds at harvest."
425,Fairy Seeds,Seeds -74,"Plant in fall. Takes 12 days to produce a mysterious flower. Assorted Colors."
516,Small Glow Ring,Ring,"Emits a small, constant light."
517,Glow Ring,Ring,"Emits a constant light."
518,Small Magnet Ring,Ring,"Slightly increases your radius for collecting items."
519,Magnet Ring,Ring,"Increases your radius for collecting items."
520,Slime Charmer Ring,Ring,"Prevents damage from slimes."
521,Warrior Ring,Ring,"Occasionally infuses the wearer with \"
522,Vampire Ring,Ring,"Gain a little health every time you slay a monster."
523,Savage Ring,Ring,"Gain a short speed boost whenever you slay a monster."
524,Ring of Yoba,Ring,"Occasionally shields the wearer from damage."
525,Sturdy Ring,Ring,"Cuts the duration of negative status effects in half."
526,Burglar's Ring,Ring,"Monsters have a greater chance of dropping loot."
527,Iridium Band,Ring,"Glows, attracts items, and increases attack damage by 10%."
528,Jukebox Ring,Ring,"Plays a random assortment of music you've heard."
529,Amethyst Ring,Ring,"Increases knockback by 10%."
530,Topaz Ring,Ring,"Increases weapon precision by 10%."
531,Aquamarine Ring,Ring,"Increases critical strike chance by 10%."
532,Jade Ring,Ring,"Increases critical strike power by 10%."
533,Emerald Ring,Ring,"Increases weapon speed by 10%."
534,Ruby Ring,Ring,"Increases attack by 10%."
535,Geode,Basic,"A blacksmith can break this open for you."
536,Frozen Geode,Basic,"A blacksmith can break this open for you."
537,Magma Geode,Basic,"A blacksmith can break this open for you."
538,Alamite,Minerals -12,"Its distinctive fluorescence makes it a favorite among rock collectors."
539,Bixite,Minerals -12,"A dark metallic Mineral sought after for its cubic structure."
540,Baryte,Minerals -12,"The best specimens resemble a desert rose."
541,Aerinite,Minerals -12,"These crystals are curiously light."
542,Calcite,Minerals -12,"This yellow crystal is speckled with shimmering nodules."
543,Dolomite,Minerals -12,"It can occur in coral reefs, often near an underwater volcano."
544,Esperite,Minerals -12,"The crystals glow bright green when stimulated."
545,Fluorapatite,Minerals -12,"Small amounts are found in human teeth."
546,Geminite,Minerals -12,"Occurs in brilliant clusters."
547,Helvite,Minerals -12,"It grows in a triangular column."
548,Jamborite,Minerals -12,"The crystals are so tightly packed it almost looks fuzzy."
549,Jagoite,Minerals -12,"A high volume of tiny crystals makes it very glittery."
550,Kyanite,Minerals -12,"The geometric faces are as smooth as glass."
551,Lunarite,Minerals -12,"The cratered white orbs form a tight cluster."
552,Malachite,Minerals -12,"A popular ornamental stone, used in sculpture and to make green paint."
553,Neptunite,Minerals -12,"A jet-black crystal that is unusually reflective."
554,Lemon Stone,Minerals -12,"Some claim the powdered crystal is a dwarvish delicacy."
555,Nekoite,Minerals -12,"The delicate shards form a tiny pink meadow."
556,Orpiment,Minerals -12,"Despite its high toxicity, this Mineral is widely used in manufacturing and folk medicine."
557,Petrified Slime,Minerals -12,"This little guy may be 100,000 years old."
558,Thunder Egg,Minerals -12,"According to legend, angry thunder spirits would throw these stones at one another."
559,Pyrite,Minerals -12,"Commonly known as \"
560,Ocean Stone,Minerals -12,"An old legend claims these stones are the mosaics of ancient mermaids."
561,Ghost Crystal,Minerals -12,"There is an aura of coldness around this crystal."
562,Tigerseye,Minerals -12,"A stripe of shimmering gold gives this gem a warm luster."
563,Jasper,Minerals -12,"When polished, this stone becomes attractively luminous. Prized by ancient peoples for thousands of years."
564,Opal,Minerals -12,"Its internal structure causes it to reflect a rainbow of light."
565,Fire Opal,Minerals -12,"A rare variety of opal, named for its red spots."
566,Celestine,Minerals -12,"Some early life forms had bones made from this."
567,Marble,Minerals -12,"A very popular material for sculptures and construction."
568,Sandstone,Minerals -12,"A common type of stone with red and brown striations."
569,Granite,Minerals -12,"A speckled Mineral that is commonly used in construction."
570,Basalt,Minerals -12,"Forms near searing hot magma."
571,Limestone,Minerals -12,"A very common type of stone. It's not worth very much."
572,Soapstone,Minerals -12,"Because of its relatively soft consistency, this stone is very popular for carving."
573,Hematite,Minerals -12,"An iron-based Mineral with interesting magnetic properties."
574,Mudstone,Minerals -12,"A fine-grained rock made from ancient clay or mud."
575,Obsidian,Minerals -12,"A volcanic glass that forms when lava cools rapidly."
576,Slate,Minerals -12,"It's extremely resistant to water, making it a good roofing material."
577,Fairy Stone,Minerals -12,"An old miner's song suggests these are made from the bones of ancient fairies."
578,Star Shards,Minerals -12,"No one knows how these form. Some scientists claim that the microscopic structure displays unnatural regularity."
579,Prehistoric Scapula,Arch,"Commonly known as a \"
580,Prehistoric Tibia,Arch,"A thick and sturdy leg bone."
581,Prehistoric Skull,Arch,"This is definitely a mammalian skull."
582,Skeletal Hand,Arch,"It's a wonder all these ancient little pieces lasted so long."
583,Prehistoric Rib,Arch,"Little gouge marks on the side suggest that this rib was someone's dinner."
584,Prehistoric Vertebra,Arch,"A segment of some prehistoric creature's spine."
585,Skeletal Tail,Arch,"It's pretty short for a tail."
586,Nautilus Fossil,Arch,"This must've washed up ages ago from an ancient coral reef. "
587,Amphibian Fossil,Arch,"The relatively short hind legs suggest some kind of primordial toad."
588,Palm Fossil,Arch,"Palm Fossils are relatively common, but this happens to be a particularly well-preserved specimen."
589,Trilobite,Arch,"A long extinct relative of the crab."
590,Artifact Spot,asdf,"Uh... how did you get this in your inventory? Ape made a booboo."
591,Tulip,Basic -80,"The most popular spring flower. Has a very faint sweet smell."
593,Summer Spangle,Basic -80,"A tropical bloom that thrives in the humid summer air. Has a sweet, tangy aroma."
595,Fairy Rose,Basic -80,"An old folk legend suggests that the sweet smell of this flower attracts fairies."
597,Blue Jazz,Basic -80,"The flower grows in a sphere to invite as many butterflies as possible."
599,Sprinkler,Crafting -8,"Waters the 4 adjacent tiles every morning."
376,Poppy,Basic -80,"In addition to its colorful flower, the Poppy has culinary and medicinal uses."
604,Plum Pudding,Cooking -7,"A traditional holiday treat."
605,Artichoke Dip,Cooking -7,"It's cool and refreshing."
606,Stir Fry,Cooking -7,"Julienned vegetables on a bed of rice."
607,Roasted Hazelnuts,Cooking -7,"The roasting process creates a rich forest flavor."
608,Pumpkin Pie,Cooking -7,"Silky pumpkin cream in a flakey crust."
609,Radish Salad,Cooking -7,"The radishes are so crisp!"
610,Fruit Salad,Cooking -7,"A delicious combination of summer fruits."
611,Blackberry Cobbler,Cooking -7,"There's nothing quite like it."
612,Cranberry Candy,Cooking -7,"It's sweet enough to mask the bitter fruit."
613,Apple,Basic -79,"A crisp fruit used for juice and cider."
614,Green Tea,Basic -26,"A pleasant, energizing beverage made from lightly processed tea leaves."
618,Bruschetta,Cooking -7,"Roasted tomatoes on a crisp white bread."
621,Quality Sprinkler,Crafting -8,"Waters the 8 adjacent tiles every morning."
645,Iridium Sprinkler,Crafting -8,"Waters the 24 adjacent tiles every morning."
648,Coleslaw,Cooking -7,"It's light, fresh and very healthy."
649,Fiddlehead Risotto,Cooking -7,"A creamy rice dish served with sauteed fern heads. It's a little bland."
651,Poppyseed Muffin,Cooking -7,"It has a soothing effect."
628,Cherry Sapling,Basic -74,"Takes 28 days to produce a mature Cherry tree. Bears fruit in the spring. Only grows if the 8 surrounding \"
629,Apricot Sapling,Basic -74,"Takes 28 days to produce a mature Apricot tree. Bears fruit in the spring. Only grows if the 8 surrounding \"
630,Orange Sapling,Basic -74,"Takes 28 days to produce a mature Orange tree. Bears fruit in the summer. Only grows if the 8 surrounding \"
631,Peach Sapling,Basic -74,"Takes 28 days to produce a mature Peach tree. Bears fruit in the summer. Only grows if the 8 surrounding \"
632,Pomegranate Sapling,Basic -74,"Takes 28 days to produce a mature Pomegranate tree. Bears fruit in the fall. Only grows if the 8 surrounding \"
633,Apple Sapling,Basic -74,"Takes 28 days to produce a mature Apple tree. Bears fruit in the fall. Only grows if the 8 surrounding \"
634,Apricot,Basic -79,"A tender little fruit with a rock-hard pit."
635,Orange,Basic -79,"Juicy, tangy, and bursting with sweet summer aroma."
636,Peach,Basic -79,"It's almost fuzzy to the touch."
637,Pomegranate,Basic -79,"Within the fruit are clusters of juicy seeds."
638,Cherry,Basic -79,"It's popular, and ripens sooner than most other fruits."
668,Stone,Basic,"There's stone ore in this stone."
670,Stone,Basic,"There's stone ore in this stone."
674,Weeds,Basic,"Ugly weeds."
675,Weeds,Basic,"Ugly weeds."
676,Weeds,Basic,"Ugly weeds."
677,Weeds,Basic,"Ugly weeds."
678,Weeds,Basic,"Ugly weeds."
679,Weeds,Basic,"Ugly weeds."
680,Green Slime Egg,Basic,"Can be hatched in a slime incubator."
681,Rain Totem,Crafting,"Activate to greatly increase the chance for rain tomorrow. Consumed on use."
682,Mutant Carp,Fish -4,"The strange waters of the sewer turned this carp into a monstrosity."
684,Bug Meat,Basic -28,"It's a juicy wad of bug flesh."
685,Bait,Basic -21,"Causes fish to bite faster. Must first be attached to a fishing rod."
686,Spinner,Basic -22,"The shape makes it spin around in the water. Slightly increases the bite-rate when fishing."
687,Dressed Spinner,Basic -22,"The metal tab and colorful streamers create an enticing spectacle for fish. Increases the bite-rate when fishing."
688,Warp Totem: Farm,Crafting,"Warp directly to your house. Consumed on use."
689,Warp Totem: Mountains,Crafting,"Warp directly to the mountains. Consumed on use."
690,Warp Totem: Beach,Crafting,"Warp directly to the beach. Consumed on use."
691,Barbed Hook,Basic -22,"Makes your catch more secure, causing the \"
692,Lead Bobber,Basic -22,"Adds weight to your \"
693,Treasure Hunter,Basic -22,"Fish don't escape while collecting treasures. Also slightly increases the chance to find treasures."
694,Trap Bobber,Basic -22,"Causes fish to escape slower when you aren't reeling them in."
695,Cork Bobber,Basic -22,"Slightly increases the size of your \"
698,Sturgeon,Fish -4,"An ancient bottom-feeder with a dwindling population. Females can live up to 150 years."
699,Tiger Trout,Fish -4,"A rare hybrid trout that cannot bear offspring of its own."
700,Bullhead,Fish -4,"A relative of the catfish that eats a variety of foods off the lake bottom."
701,Tilapia,Fish -4,"A primarily vegetarian fish that prefers warm water."
702,Chub,Fish -4,"A common freshwater fish known for its voracious appetite."
703,Magnet,Basic -21,"Increases the chance of finding treasures when fishing. However, fish aren't crazy about the taste."
704,Dorado,Fish -4,"A fierce carnivore with brilliant orange scales."
705,Albacore,Fish -4,"Prefers temperature \"
706,Shad,Fish -4,"Lives in a school at sea, but returns to the rivers to spawn."
707,Lingcod,Fish -4,"A fearsome predator that will eat almost anything it can cram into its mouth."
708,Halibut,Fish -4,"A flat fish that lives on the ocean floor."
709,Hardwood,Basic -16,"A special kind of wood with superior strength and beauty."
710,Crab Pot,Crafting,"Place it in the water, load it with bait, and check the next day to see if you've caught anything. Works in streams, lakes, and the ocean."
715,Lobster,Fish -4,"A large ocean-dwelling crustacean with a strong tail."
716,Crayfish,Fish -4,"A small freshwater relative of the lobster."
717,Crab,Fish -4,"A marine crustacean with two powerful pincers."
718,Cockle,Fish -4,"A common saltwater clam."
719,Mussel,Fish -4,"A common bivalve that often lives in clusters."
720,Shrimp,Fish -4,"A scavenger that feeds off the ocean floor. Widely prized for its meat."
721,Snail,Fish -4,"A wide-ranging mollusc that lives in a spiral shell."
722,Periwinkle,Fish -4,"A tiny freshwater snail that lives in a blue shell."
723,Oyster,Fish -4,"Constantly filters water to find food. In the process, it removes dangerous toxins from the environment."
724,Maple Syrup,Basic -27,"A sweet syrup with a unique flavor."
725,Oak Resin,Basic -27,"A sticky, fragrant substance derived from oak sap."
726,Pine Tar,Basic -27,"A pungent substance derived from pine sap."
727,Chowder,Cooking -7,"A perfect way to warm yourself after a cold night at sea."
730,Lobster Bisque,Cooking -7,"This delicate soup is a secret family recipe of Willy's."
728,Fish Stew,Cooking -7,"It smells a lot like the sea. Tastes better, though."
729,Escargot,Cooking -7,"Butter-soaked snails cooked to perfection."
731,Maple Bar,Cooking -7,"It's a sweet doughnut topped with a rich maple glaze."
732,Crab Cakes,Cooking -7,"Crab, bread crumbs, and egg formed into patties then fried to a golden brown."
733,Shrimp Cocktail,Cooking -7,"A sumptuous appetizer made with freshly-caught shrimp."
734,Woodskip,Fish -4,"A very sensitive fish that can only live in pools deep in the forest."
745,Strawberry Seeds,Seeds -74,"Plant these in spring. Takes 8 days to mature, and keeps producing strawberries after that."
746,Jack-O-Lantern,Crafting -8,"A whimsical fall decoration."
747,Rotten Plant,Basic -20,"Decomposing organic material. It's slimy and unpleasant."
748,Rotten Plant,Basic -20,"Decomposing organic material. It's slimy and unpleasant."
749,Omni Geode,Basic,"A blacksmith can break this open for you. These geodes contain a wide variety of Minerals."
750,Weeds,Basic,"Ugly weeds."
751,Stone,Basic,"There's copper ore in this stone."
760,Stone,Basic,"..."
762,Stone,Basic,"..."
764,Stone,Basic,"gold ore"
765,Stone,Basic,"iridium ore"
766,Slime,Basic -28,"A shimmering, gelatinous glob with no smell."
767,Bat Wing,Basic -28,"The material is surprisingly delicate."
768,Solar Essence,Basic -28,"The glowing face is warm to the touch."
769,Void Essence,Basic -28,"It's quivering with dark energy."
770,Mixed Seeds,Seeds -74,"There's a little bit of everything here. Plant them and see what grows!"
771,Fiber,Basic -16,"Raw material sourced from plants."
772,Oil of Garlic,Cooking -7,"Drink this and weaker monsters will avoid you."
773,Life Elixir,Cooking -7,"Restores health to full."
774,Wild Bait,Basic -21,"A unique recipe from Linus that gives you a chance to catch two fish at once."
775,Glacierfish,Fish -4,"Builds a nest on the underside of glaciers."
784,Weeds,Basic,"Ugly weeds."
785,Weeds,Basic,"Ugly weeds."
786,Weeds,Basic,"Ugly weeds."
787,Battery Pack,Basic -16,"It's fully charged with precious energy."
788,Lost Axe,Quest,"Robin's been looking everywhere for it."
789,Lucky Purple Shorts,Quest,"Better not inspect these too closely."
790,Berry Basket,Quest,"The fibers are stained with berry juice."
792,Weeds,Basic,"Ugly weeds."
793,Weeds,Basic,"Ugly weeds."
794,Weeds,Basic,"Ugly weeds."
795,Void Salmon,Fish -4,"A salmon, twisted by void energy. The fresh meat is jet black, but rapidly turns pink when exposed to air."
796,Slimejack,Fish -4,"He's coated in a very thick layer of slime. He keeps slipping out of your hands!"
797,Pearl,Basic,"A rare treasure from the sea."
798,Midnight Squid,Fish -4,"A strange and mysterious denizen of the ocean's twilight depths."
799,Spook Fish,Fish -4,"The huge eyes can detect the faint silhouettes of prey."
800,Blobfish,Fish -4,"This odd creature floats above the ocean floor, consuming any edible material in its path."
801,Wedding Ring,Ring,"An old Zuzu City tradition... It's used to ask for another farmer's hand in marriage."
802,Cactus Seeds,Seeds -74,"Can only be grown indoors. Takes 12 days to mature, and then produces fruit every 3 days."
803,Iridium Milk,Basic,"A powerful 'milk' of unknown origin..."
805,Tree Fertilizer,Basic -19,"Sprinkle on a wild tree to ensure rapid growth, even in winter. Doesn't work on fruit trees."
807,Dinosaur Mayonnaise,Basic -26,"It's thick and creamy, with a vivid green hue. It smells like grass and leather."
808,Void Ghost Pendant,Basic,"It's symbolic to the shadow people. As a gift, it signifies the desire to move in together as friends."
809,Movie Ticket,Basic,"Admits one to the movie theater. Giving this to a friend invites them to the movies with you."
810,Crabshell Ring,Ring,"The top of the ring is made from enchanted crab shell."
811,Napalm Ring,Ring,"When you defeat an enemy, they explode."
812,Roe,Basic -23,"Fresh fish eggs. These can be aged in a preserves jar to bring out more flavor."
445,Caviar,Basic -26,"The cured roe of a sturgeon fish. Considered to be a luxurious delicacy!"
814,Squid Ink,Basic -23,"Squid use this ink to confuse would-be predators."
815,Tea Leaves,Basic -75,"The young leaves of the tea plant. Can be brewed into the popular, energizing beverage."
267,Flounder,Fish -4,"It lives on the bottom, so both eyes are on top of its head."
265,Seafoam Pudding,Cooking -7,"This briny pudding will really get you into the maritime mindset!"
269,Midnight Carp,Fish -4,"This shy fish only feels comfortable at night."
292,Mahogany Seed,Crafting -74,"This can be planted to grow a mahogany tree."
289,Ostrich Egg,Basic -5,"It may be the world's largest egg."
25,Stone,Basic,"There's mussels in this stone."
73,Golden Walnut,Basic,"To the parrots of Ginger Island, this nut is the finest delicacy."
69,Banana Sapling,Basic -74,"Takes 28 days to produce a mature Banana tree. Bears fruit in the summer, or all year round when planted on Ginger Island."
91,Banana,Basic -79,"A sweet, starchy tropical fruit."
791,Golden Coconut,Quest,"This is one tough nut to crack, but a professional might be able to break it open."
816,Stone,Basic,"..."
817,Stone,Basic,"..."
818,Stone,Basic,"..."
819,Stone,Basic,"..."
820,Fossilized Skull,Basic,"It's a perfect specimen!"
821,Fossilized Spine,Basic,"A column of interlocking vertebrae."
822,Fossilized Tail,Basic,"This tail has a club-like feature at the tip."
823,Fossilized Leg,Basic,"A thick and sturdy leg bone."
824,Fossilized Ribs,Basic,"Long ago, these ribs protected the body of a large animal."
825,Snake Skull,Basic,"A preserved skull that once belonged to a snake."
826,Snake Vertebrae,Basic,"It appears this serpent may have been extremely flexible."
827,Mummified Bat,Basic,"The delicate wings have been perfectly preserved."
828,Mummified Frog,Basic,"This ancient frog may have lived in the jungle canopy."
829,Ginger,Basic -81,"This sharp, spicy root is said to increase vitality."
830,Taro Root,Basic -75,"This starchy root is one of the most ancient crops."
831,Taro Tuber,Seeds -74,"Plant these in warm weather. Takes 10 days to mature. Grows faster if planted near a body of water."
832,Pineapple,Basic -79,"A sweet and tangy tropical treat."
833,Pineapple Seeds,Seeds -74,"Plant these in warm weather. Takes 14 days to mature, and keeps producing fruit after that."
834,Mango,Basic -79,"A big, sweet tropical fruit with a unique flavor."
835,Mango Sapling,Basic -74,"Takes 28 days to produce a mature Mango tree. Bears fruit in the summer, or all year round when planted on Ginger Island."
836,Stingray,Fish -4,"Despite having a toxic stinger, these fish are shy and prefer to avoid humans."
837,Lionfish,Fish -4,"An aggressive, predatory fish with venomous spines."
838,Blue Discus,Fish -4,"A brightly colored tropical fish that is popular in aquariums."
839,Thorns Ring,Ring,"When enemies damage you, they will take damage themselves."
840,Rustic Plank Floor,Crafting -24,"Place on the ground to create paths or to decorate your floors."
841,Stone Walkway Floor,Crafting -24,"Place on the ground to create paths or to decorate your floors."
842,Journal Scrap,asdf,"A damp tattered page torn from an old journal..."
843,Stone,Basic,"..."
844,Stone,Basic,"..."
845,Stone,Basic,"..."
846,Stone,Basic,"..."
847,Stone,Basic,"..."
848,Cinder Shard,Basic -15,"You can feel a warm glow from within this stone."
849,Stone,Basic,"..."
850,Stone,Basic,"..."
851,Magma Cap,Basic -81,"A very rare mushroom that lives next to pools of lava."
852,Dragon Tooth,Basic,"These are rumored to be the teeth of ancient serpents. The enamel is made of pure iridium!"
856,Curiosity Lure,Basic -22,"Increases your chance to catch rare fish."
857,Tiger Slime Egg,Basic,"Can be hatched in a slime incubator. Use with extreme caution!"
858,Qi Gem,Basic,"A special currency honored by Mr. Qi."
859,Lucky Ring,Ring,"The lunar emblem is said to bring good luck to whoever wears it."
860,Hot Java Ring,Ring,"Greatly increases your chance to find coffee drinks when slaying monsters."
861,Protection Ring,Ring,"Stay invincible for a little while longer after taking damage."
862,Soul Sapper Ring,Ring,"Gain a little bit of energy every time you slay a monster."
863,Phoenix Ring,Ring,"Once a day, regain some health after being knocked out in combat."
864,War Memento,Quest,"It's a faded photograph of a soldier..."
865,Gourmet Tomato Salt,Quest,"A rare, delicious and savory salt."
866,Stardew Valley Rose,Quest,"A rose that reminds you of the valley. It smells heavenly."
867,Advanced TV Remote,Quest,"It has more buttons than a regular remote. Perfect for the avid TV watcher!"
868,Arctic Shard,Quest,"This shard glows with an otherworldly blue light."
869,Wriggling Worm,Quest,"It's a wriggling, wet worm."
870,Pirate's Locket,Quest,"It's an old pirate's keepsake."
872,Fairy Dust,Basic,"Sprinkle on kegs, furnaces, and other refining equipment to instantly receive their product."
873,Pi√±a Colada,Cooking -7,"Drink in moderation."
874,Bug Steak,Crafting,"The last resort of the hungry cave diver."
875,Ectoplasm,Quest,"A thick, slimy goop that the Wizard wants for some reason."
876,Prismatic Jelly,Quest,"Harvested from the rare and elusive prismatic slime."
877,Quality Bobber,Basic -22,"Boosts the quality of fish that you catch."
879,Monster Musk,Crafting,"Spray this on to draw more monsters out of hiding."
880,Combined Ring,Ring,"..."
881,Bone Fragment,Basic -15,"A small piece of bone."
882,Weeds,Crafting,"..."
883,Weeds,Crafting,"..."
884,Weeds,Crafting,"..."
885,Fiber Seeds,Seeds -74,"Plant these in any season. Does not require watering. Harvest with the scythe. Takes 7 days to grow."
886,Warp Totem: Island,Crafting,"Warp directly to Ginger Island. Consumed on use."
887,Immunity Band,Ring,"The top of the ring is made from enchanted purple wool."
888,Glowstone Ring,Ring,"Emits a constant light, and also increases your radius for collecting items."
889,Qi Fruit,Basic -79,"Mr. Qi has challenged you to ship 500 of these strange melons."
890,Qi Bean,Seeds -74,"Plant these in any season. Water every day to produce a Qi Fruit. Takes 4 days to mature."
891,Mushroom Tree Seed,Crafting -74,"Place this on your farm to plant a mushroom tree."
892,Warp Totem: Qi's Arena,Crafting,"Warp to Qi's Arena. Be prepared for a challenge!."
893,Fireworks (Red),Crafting -8,"An old tradition for celebrations and festivities. Handle with care!"
894,Fireworks (Purple),Crafting -8,"An old tradition for celebrations and festivities. Handle with care!"
895,Fireworks (Green),Crafting -8,"An old tradition for celebrations and festivities. Handle with care!"
896,Galaxy Soul,Crafting,"Forge 3 of these into a Galaxy weapon to unleash its final form."
897,Pierre's Missing Stocklist,Quest,"Pierre might be interested in this."
898,Son of Crimsonfish,Fish -4,"He hatched in the warm summer water, and followed in the footsteps of his father."
899,Ms. Angler,Fish -4,"Uses a bioluminescent dangler to attract prey."
900,Legend II,Fish -4,"The successor to the original Legend."
901,Radioactive Carp,Fish -4,"A carp that spent one too many years in toxic sludge."
902,Glacierfish Jr.,Fish -4,"The original Glacierfish had a son..."
903,Ginger Ale,Cooking -7,"A zesty soda known for its soothing effect on the stomach."
904,Banana Pudding,Cooking -7,"A creamy dessert with a wonderful tropical flavor."
905,Mango Sticky Rice,Cooking -7,"Sweet mango and coconut transforms this rice into something very special."
906,Poi,Cooking -7,"A traditional food with a delicate, sweet flavor when eaten fresh."
907,Tropical Curry,Cooking -7,"An exotic, fragrant curry served in a pineapple bowl."
908,Magic Bait,Basic -21,"Allows you to catch fish from any season, time, or weather, from whichever type of water you cast into."
909,Radioactive Ore,Basic -15,"It's glowing with dangerous energy... Can be smelted into bars."
910,Radioactive Bar,Basic -15,"Known by the Zuzu City Safety Commission to cause irreversible bodily harm."
911,Horse Flute,Crafting,"Playing this flute will summon your horse. Only works outdoors."
913,Enricher,Basic,"Place on a sprinkler and load with fertilizer to automatically apply it when planting seeds nearby."
915,Pressure Nozzle,Basic,"Place on a sprinkler to increase its watering range."
917,Qi Seasoning,Basic,"Just a dash will elevate any dish to extraordinary heights. Automatically applied when cooking."
918,Hyper Speed-Gro,Basic -19,"Greatly stimulates leaf production. Guaranteed to increase growth rate by at least 33%. Mix into tilled soil."
919,Deluxe Fertilizer,Basic -19,"Greatly improves soil quality, increasing your chance to grow quality crops. Mix into tilled soil."
920,Deluxe Retaining Soil,Basic -19,"This soil has a 100% chance of staying watered overnight. Mix into tilled soil."
921,Squid Ink Ravioli,Cooking -7,"Temporarily protects from debuffs."
922,SupplyCrate,Crafting,"..."
923,SupplyCrate,Crafting,"..."
924,SupplyCrate,Crafting,"..."
925,Slime Crate,Crafting,"Use this to transport a domesticated slime to another location."
926,Cookout Kit,Crafting,"Use this to create a cooking campfire, allowing you to cook on-the-go!"
927,Camping Stove,Crafting,"This allows you to cook anywhere, and is not consumed on use."
928,Golden Egg,Basic -5,"A very rare and special egg with a solid gold shell."
929,Hedge,Crafting -8,"A shaped bush that acts like a fence."
930,???,Basic,"???"